,,,,,,,,,,,,,,,,,,,,,,,,,,,,,,,,,,,,,,,,,,,,,,,,,,,,,,,,,,,,,,,,,,,,,,,,,,,,,,,,,,,,,,,,,,,,,,,,,,,,,,,,,,,,,,,,,,,,,,,,,,,,,,,,,,,,,,,,,,,,,,,,,,,,,,
1000000,,,,,1110000,,,,,1180000,,,,,1360000,,,,,1570000,,,,,1830000,,,,,1960000,,,,,1810000,,,,,1920000,,,,,2650000,,,,,3160000,,,,,3970000,,,,,4660000,,,,,5140000,,,,,5160000,,,,,5380000,,,,,5480000,,,,,5560000,,,,,5580000,,,,,5520000,,,,,5390000,,,,,5210000,,,,,5030000,,,,,4860000,,,,,4690000,,,,,4520000,,,,,4340000,,,,,4170000,,,,,4020000,,,,,3880000,,,,,3750000
158000,,,,,172000,,,,,214000,,,,,265000,,,,,304000,,,,,308000,,,,,322000,,,,,332000,,,,,353000,,,,,353000,,,,,327000,,,,,277000,,,,,214000,,,,,159000,,,,,170000,,,,,166000,,,,,163000,,,,,154000,,,,,139000,,,,,125000,,,,,117000,,,,,114000,,,,,111000,,,,,105000,,,,,97600,,,,,90000,,,,,84600,,,,,81400,,,,,78900,,,,,75700,,,,,71500
1150000,,,,,1250000,,,,,1670000,,,,,1920000,,,,,2240000,,,,,2530000,,,,,2930000,,,,,3430000,,,,,3830000,,,,,3940000,,,,,3690000,,,,,3050000,,,,,2930000,,,,,3840000,,,,,4640000,,,,,4370000,,,,,4000000,,,,,3670000,,,,,3560000,,,,,3670000,,,,,3850000,,,,,3920000,,,,,3780000,,,,,3540000,,,,,3390000,,,,,3350000,,,,,3380000,,,,,3400000,,,,,3340000,,,,,3230000,,,,,3110000
571000,,,,,618000,,,,,852000,,,,,914000,,,,,999000,,,,,1120000,,,,,1340000,,,,,1650000,,,,,1870000,,,,,2210000,,,,,2520000,,,,,2970000,,,,,3610000,,,,,4380000,,,,,5010000,,,,,5650000,,,,,6380000,,,,,7170000,,,,,7980000,,,,,8770000,,,,,9510000,,,,,10200000,,,,,10900000,,,,,11500000,,,,,12100000,,,,,12700000,,,,,13200000,,,,,13600000,,,,,14000000,,,,,14300000,,,,,14500000
6030,,,,,6510,,,,,8340,,,,,8850,,,,,9080,,,,,9680,,,,,9040,,,,,6720,,,,,7670,,,,,7750,,,,,8040,,,,,8650,,,,,8420,,,,,8100,,,,,8020,,,,,8090,,,,,8110,,,,,7970,,,,,7720,,,,,7490,,,,,7330,,,,,7230,,,,,7140,,,,,7000,,,,,6830,,,,,6660,,,,,6510,,,,,6410,,,,,6320,,,,,6200,,,,,6060
1710000,,,,,1940000,,,,,2130000,,,,,2240000,,,,,2320000,,,,,2460000,,,,,2770000,,,,,3310000,,,,,3270000,,,,,3400000,,,,,3500000,,,,,3460000,,,,,3580000,,,,,3640000,,,,,3710000,,,,,3700000,,,,,3660000,,,,,3630000,,,,,3590000,,,,,3550000,,,,,3500000,,,,,3440000,,,,,3380000,,,,,3310000,,,,,3250000,,,,,3180000,,,,,3130000,,,,,3070000,,,,,3010000,,,,,2950000,,,,,2890000
109000,,,,,154000,,,,,242000,,,,,331000,,,,,358000,,,,,306000,,,,,304000,,,,,321000,,,,,363000,,,,,341000,,,,,273000,,,,,192000,,,,,175000,,,,,199000,,,,,205000,,,,,184000,,,,,161000,,,,,142000,,,,,134000,,,,,135000,,,,,135000,,,,,129000,,,,,118000,,,,,108000,,,,,103000,,,,,102000,,,,,101000,,,,,98200,,,,,93000,,,,,87400,,,,,83500
703000,,,,,940000,,,,,1030000,,,,,1130000,,,,,1260000,,,,,1250000,,,,,1300000,,,,,1180000,,,,,1260000,,,,,1300000,,,,,1360000,,,,,1330000,,,,,1350000,,,,,1520000,,,,,1630000,,,,,1730000,,,,,1740000,,,,,1730000,,,,,1750000,,,,,1810000,,,,,1890000,,,,,1960000,,,,,2000000,,,,,2010000,,,,,2020000,,,,,2040000,,,,,2070000,,,,,2100000,,,,,2120000,,,,,2120000,,,,,2120000
561000,,,,,508000,,,,,485000,,,,,579000,,,,,646000,,,,,624000,,,,,508000,,,,,430000,,,,,446000,,,,,465000,,,,,475000,,,,,432000,,,,,407000,,,,,402000,,,,,411000,,,,,432000,,,,,435000,,,,,421000,,,,,402000,,,,,391000,,,,,393000,,,,,402000,,,,,410000,,,,,408000,,,,,400000,,,,,391000,,,,,388000,,,,,389000,,,,,391000,,,,,391000,,,,,386000
252000,,,,,327000,,,,,515000,,,,,677000,,,,,817000,,,,,762000,,,,,690000,,,,,683000,,,,,785000,,,,,929000,,,,,889000,,,,,706000,,,,,639000,,,,,699000,,,,,863000,,,,,797000,,,,,698000,,,,,641000,,,,,642000,,,,,653000,,,,,644000,,,,,617000,,,,,585000,,,,,562000,,,,,552000,,,,,546000,,,,,537000,,,,,523000,,,,,506000,,,,,491000,,,,,480000
10000,,,,,12200,,,,,15800,,,,,21300,,,,,26800,,,,,25400,,,,,27000,,,,,25600,,,,,29200,,,,,28100,,,,,30500,,,,,27600,,,,,24800,,,,,27100,,,,,28000,,,,,28000,,,,,27600,,,,,26700,,,,,25600,,,,,25000,,,,,25100,,,,,25400,,,,,25300,,,,,24800,,,,,24300,,,,,23800,,,,,23600,,,,,23600,,,,,23500,,,,,23200,,,,,22800
15800,,,,,18600,,,,,20900,,,,,30300,,,,,30500,,,,,35000,,,,,39600,,,,,44900,,,,,53000,,,,,57300,,,,,69600,,,,,79300,,,,,83300,,,,,95800,,,,,106000,,,,,109000,,,,,112000,,,,,114000,,,,,115000,,,,,109000,,,,,103000,,,,,101000,,,,,101000,,,,,102000,,,,,101000,,,,,98900,,,,,96200,,,,,94200,,,,,93500,,,,,93200,,,,,92700
5010000,,,,,5590000,,,,,6220000,,,,,7840000,,,,,9530000,,,,,10700000,,,,,11700000,,,,,13600000,,,,,15100000,,,,,15900000,,,,,16200000,,,,,16500000,,,,,16600000,,,,,15700000,,,,,15200000,,,,,14800000,,,,,14200000,,,,,13500000,,,,,12700000,,,,,12000000,,,,,11500000,,,,,11000000,,,,,10500000,,,,,10100000,,,,,9650000,,,,,9290000,,,,,8960000,,,,,8660000,,,,,8380000,,,,,8110000,,,,,7870000
22000,,,,,26700,,,,,28900,,,,,31300,,,,,31700,,,,,24800,,,,,26400,,,,,21600,,,,,21000,,,,,20400,,,,,20300,,,,,19000,,,,,19100,,,,,18600,,,,,18300,,,,,17800,,,,,17400,,,,,17000,,,,,16700,,,,,16400,,,,,16200,,,,,15900,,,,,15600,,,,,15300,,,,,15000,,,,,14800,,,,,14500,,,,,14300,,,,,14000,,,,,13800,,,,,13500
570000,,,,,625000,,,,,787000,,,,,947000,,,,,884000,,,,,732000,,,,,730000,,,,,741000,,,,,808000,,,,,794000,,,,,594000,,,,,458000,,,,,440000,,,,,512000,,,,,576000,,,,,554000,,,,,511000,,,,,461000,,,,,438000,,,,,453000,,,,,480000,,,,,486000,,,,,466000,,,,,438000,,,,,421000,,,,,421000,,,,,430000,,,,,434000,,,,,426000,,,,,411000,,,,,398000
544000,,,,,697000,,,,,705000,,,,,757000,,,,,788000,,,,,723000,,,,,658000,,,,,601000,,,,,598000,,,,,608000,,,,,618000,,,,,593000,,,,,603000,,,,,653000,,,,,669000,,,,,676000,,,,,664000,,,,,652000,,,,,646000,,,,,655000,,,,,669000,,,,,677000,,,,,677000,,,,,671000,,,,,666000,,,,,666000,,,,,670000,,,,,673000,,,,,672000,,,,,667000,,,,,661000
8150,,,,,10200,,,,,13600,,,,,17200,,,,,19000,,,,,20800,,,,,22500,,,,,23500,,,,,27600,,,,,29000,,,,,34000,,,,,38100,,,,,39300,,,,,37900,,,,,39500,,,,,42000,,,,,43300,,,,,43200,,,,,42400,,,,,41800,,,,,41500,,,,,41500,,,,,41100,,,,,40500,,,,,39700,,,,,39000,,,,,38400,,,,,38000,,,,,37500,,,,,37000,,,,,36300
264000,,,,,267000,,,,,298000,,,,,341000,,,,,395000,,,,,460000,,,,,534000,,,,,630000,,,,,742000,,,,,874000,,,,,1020000,,,,,1170000,,,,,1320000,,,,,1510000,,,,,1690000,,,,,1860000,,,,,2030000,,,,,2210000,,,,,2380000,,,,,2550000,,,,,2700000,,,,,2830000,,,,,2960000,,,,,3080000,,,,,3190000,,,,,3280000,,,,,3350000,,,,,3410000,,,,,3460000,,,,,3480000,,,,,3490000
24700,,,,,28200,,,,,28600,,,,,34100,,,,,41000,,,,,49600,,,,,58700,,,,,67900,,,,,76700,,,,,80100,,,,,80300,,,,,76600,,,,,72700,,,,,72900,,,,,70100,,,,,69900,,,,,66800,,,,,62600,,,,,58600,,,,,55900,,,,,54200,,,,,52900,,,,,51300,,,,,49300,,,,,47300,,,,,45700,,,,,44600,,,,,43700,,,,,42800,,,,,41700,,,,,40400
402000,,,,,432000,,,,,519000,,,,,565000,,,,,621000,,,,,690000,,,,,771000,,,,,867000,,,,,941000,,,,,996000,,,,,1060000,,,,,1120000,,,,,1150000,,,,,1160000,,,,,1160000,,,,,1190000,,,,,1210000,,,,,1220000,,,,,1210000,,,,,1200000,,,,,1180000,,,,,1160000,,,,,1140000,,,,,1120000,,,,,1090000,,,,,1060000,,,,,1030000,,,,,1010000,,,,,982000,,,,,956000,,,,,932000
278000,,,,,372000,,,,,418000,,,,,429000,,,,,457000,,,,,423000,,,,,406000,,,,,378000,,,,,365000,,,,,294000,,,,,257000,,,,,235000,,,,,178000,,,,,173000,,,,,162000,,,,,161000,,,,,162000,,,,,156000,,,,,144000,,,,,134000,,,,,129000,,,,,128000,,,,,128000,,,,,126000,,,,,120000,,,,,114000,,,,,110000,,,,,108000,,,,,108000,,,,,106000,,,,,103000
54800,,,,,58400,,,,,82000,,,,,95500,,,,,109000,,,,,127000,,,,,152000,,,,,185000,,,,,213000,,,,,213000,,,,,216000,,,,,217000,,,,,217000,,,,,231000,,,,,255000,,,,,256000,,,,,252000,,,,,246000,,,,,243000,,,,,243000,,,,,243000,,,,,240000,,,,,235000,,,,,229000,,,,,223000,,,,,219000,,,,,216000,,,,,213000,,,,,209000,,,,,205000,,,,,200000
7010000,,,,,8570000,,,,,10300000,,,,,11900000,,,,,13700000,,,,,14400000,,,,,15100000,,,,,16800000,,,,,18200000,,,,,17900000,,,,,17400000,,,,,17500000,,,,,16400000,,,,,15100000,,,,,14800000,,,,,14300000,,,,,13600000,,,,,12900000,,,,,12300000,,,,,11800000,,,,,11400000,,,,,11000000,,,,,10700000,,,,,10300000,,,,,9990000,,,,,9690000,,,,,9440000,,,,,9220000,,,,,8990000,,,,,8760000,,,,,8550000
5710,,,,,6710,,,,,12600,,,,,16000,,,,,18800,,,,,20800,,,,,25500,,,,,28600,,,,,29900,,,,,32600,,,,,34900,,,,,34600,,,,,33900,,,,,31400,,,,,33500,,,,,33000,,,,,31900,,,,,30500,,,,,29200,,,,,28400,,,,,28000,,,,,27900,,,,,27300,,,,,26400,,,,,25600,,,,,25000,,,,,24600,,,,,24300,,,,,23900,,,,,23400,,,,,22800
610000,,,,,710000,,,,,690000,,,,,660000,,,,,634000,,,,,638000,,,,,662000,,,,,675000,,,,,588000,,,,,523000,,,,,413000,,,,,310000,,,,,317000,,,,,354000,,,,,334000,,,,,321000,,,,,301000,,,,,277000,,,,,260000,,,,,260000,,,,,263000,,,,,256000,,,,,244000,,,,,230000,,,,,219000,,,,,214000,,,,,212000,,,,,209000,,,,,202000,,,,,194000,,,,,187000
560000,,,,,586000,,,,,631000,,,,,701000,,,,,775000,,,,,874000,,,,,984000,,,,,1170000,,,,,1360000,,,,,1530000,,,,,1760000,,,,,2030000,,,,,2370000,,,,,2750000,,,,,3080000,,,,,3400000,,,,,3730000,,,,,4080000,,,,,4430000,,,,,4740000,,,,,5010000,,,,,5250000,,,,,5460000,,,,,5650000,,,,,5820000,,,,,5960000,,,,,6050000,,,,,6100000,,,,,6130000,,,,,6110000,,,,,6080000
303000,,,,,326000,,,,,405000,,,,,443000,,,,,505000,,,,,530000,,,,,559000,,,,,689000,,,,,836000,,,,,996000,,,,,1060000,,,,,1090000,,,,,1220000,,,,,1510000,,,,,1790000,,,,,2040000,,,,,2210000,,,,,2370000,,,,,2590000,,,,,2870000,,,,,3140000,,,,,3350000,,,,,3500000,,,,,3650000,,,,,3820000,,,,,4010000,,,,,4160000,,,,,4250000,,,,,4300000,,,,,4340000,,,,,4380000
604000,,,,,685000,,,,,896000,,,,,993000,,,,,1060000,,,,,1090000,,,,,979000,,,,,840000,,,,,1440000,,,,,1730000,,,,,1740000,,,,,1590000,,,,,1500000,,,,,1650000,,,,,1750000,,,,,1770000,,,,,1700000,,,,,1650000,,,,,1640000,,,,,1640000,,,,,1610000,,,,,1550000,,,,,1490000,,,,,1440000,,,,,1400000,,,,,1360000,,,,,1320000,,,,,1280000,,,,,1230000,,,,,1200000,,,,,1160000
538000,,,,,590000,,,,,665000,,,,,750000,,,,,885000,,,,,1050000,,,,,1240000,,,,,1480000,,,,,1790000,,,,,2050000,,,,,2250000,,,,,2480000,,,,,2850000,,,,,3280000,,,,,3640000,,,,,3920000,,,,,4220000,,,,,4520000,,,,,4840000,,,,,5140000,,,,,5420000,,,,,5670000,,,,,5880000,,,,,6070000,,,,,6240000,,,,,6400000,,,,,6520000,,,,,6590000,,,,,6640000,,,,,6650000,,,,,6630000
1320000,,,,,1740000,,,,,2040000,,,,,2260000,,,,,2290000,,,,,1940000,,,,,1810000,,,,,1820000,,,,,1920000,,,,,1990000,,,,,2040000,,,,,1870000,,,,,1810000,,,,,1950000,,,,,2010000,,,,,2060000,,,,,2080000,,,,,2090000,,,,,2090000,,,,,2140000,,,,,2230000,,,,,2300000,,,,,2350000,,,,,2370000,,,,,2390000,,,,,2410000,,,,,2450000,,,,,2480000,,,,,2500000,,,,,2510000,,,,,2510000
17000,,,,,17800,,,,,31800,,,,,35300,,,,,45500,,,,,43300,,,,,43000,,,,,45500,,,,,52300,,,,,61300,,,,,63300,,,,,60000,,,,,56400,,,,,55300,,,,,54300,,,,,54800,,,,,54000,,,,,51900,,,,,49600,,,,,47700,,,,,46200,,,,,44800,,,,,43500,,,,,42100,,,,,40600,,,,,39300,,,,,38100,,,,,37100,,,,,36200,,,,,35200,,,,,34300
153000,,,,,161000,,,,,182000,,,,,209000,,,,,239000,,,,,272000,,,,,312000,,,,,361000,,,,,418000,,,,,470000,,,,,513000,,,,,569000,,,,,624000,,,,,658000,,,,,689000,,,,,711000,,,,,782000,,,,,853000,,,,,899000,,,,,919000,,,,,930000,,,,,946000,,,,,965000,,,,,980000,,,,,984000,,,,,979000,,,,,967000,,,,,953000,,,,,942000,,,,,930000,,,,,916000
303000,,,,,329000,,,,,408000,,,,,452000,,,,,497000,,,,,563000,,,,,656000,,,,,765000,,,,,911000,,,,,1090000,,,,,1320000,,,,,1610000,,,,,1900000,,,,,2200000,,,,,2490000,,,,,2780000,,,,,3060000,,,,,3320000,,,,,3560000,,,,,3780000,,,,,3970000,,,,,4140000,,,,,4290000,,,,,4420000,,,,,4530000,,,,,4610000,,,,,4660000,,,,,4700000,,,,,4710000,,,,,4690000,,,,,4660000
760000,,,,,844000,,,,,1030000,,,,,1140000,,,,,1240000,,,,,1300000,,,,,1260000,,,,,1240000,,,,,1310000,,,,,1420000,,,,,1400000,,,,,1320000,,,,,1250000,,,,,1240000,,,,,1200000,,,,,1180000,,,,,1160000,,,,,1130000,,,,,1090000,,,,,1060000,,,,,1040000,,,,,1020000,,,,,1000000,,,,,982000,,,,,962000,,,,,940000,,,,,924000,,,,,908000,,,,,893000,,,,,879000,,,,,862000
57400000,,,,,70900000,,,,,95600000,,,,,89100000,,,,,110000000,,,,,131000000,,,,,124000000,,,,,99500000,,,,,105000000,,,,,132000000,,,,,103000000,,,,,81300000,,,,,79000000,,,,,82400000,,,,,85700000,,,,,80700000,,,,,73100000,,,,,67900000,,,,,65200000,,,,,64400000,,,,,64000000,,,,,62300000,,,,,59400000,,,,,56400000,,,,,54400000,,,,,53400000,,,,,52800000,,,,,51800000,,,,,50300000,,,,,48500000,,,,,47100000
1660000,,,,,2080000,,,,,2560000,,,,,2940000,,,,,3410000,,,,,3730000,,,,,3590000,,,,,3930000,,,,,4230000,,,,,4300000,,,,,4310000,,,,,4120000,,,,,4090000,,,,,3910000,,,,,3720000,,,,,3560000,,,,,3380000,,,,,3230000,,,,,3100000,,,,,2980000,,,,,2870000,,,,,2760000,,,,,2660000,,,,,2570000,,,,,2490000,,,,,2410000,,,,,2340000,,,,,2270000,,,,,2210000,,,,,2150000,,,,,2090000
19500,,,,,20700,,,,,25700,,,,,29800,,,,,33500,,,,,37200,,,,,44500,,,,,52200,,,,,63000,,,,,72500,,,,,78800,,,,,85100,,,,,93200,,,,,104000,,,,,114000,,,,,121000,,,,,126000,,,,,131000,,,,,137000,,,,,142000,,,,,147000,,,,,151000,,,,,153000,,,,,154000,,,,,155000,,,,,156000,,,,,156000,,,,,155000,,,,,153000,,,,,150000,,,,,148000
1710000,,,,,1910000,,,,,2090000,,,,,2410000,,,,,2820000,,,,,3270000,,,,,3790000,,,,,4320000,,,,,5060000,,,,,6110000,,,,,6960000,,,,,8090000,,,,,9700000,,,,,11700000,,,,,13700000,,,,,15400000,,,,,17100000,,,,,18900000,,,,,20700000,,,,,22200000,,,,,23500000,,,,,24500000,,,,,25400000,,,,,26100000,,,,,26700000,,,,,27000000,,,,,27100000,,,,,27000000,,,,,26800000,,,,,26600000,,,,,26200000
106000,,,,,118000,,,,,138000,,,,,162000,,,,,193000,,,,,229000,,,,,271000,,,,,316000,,,,,351000,,,,,387000,,,,,432000,,,,,505000,,,,,599000,,,,,713000,,,,,802000,,,,,848000,,,,,924000,,,,,1030000,,,,,1140000,,,,,1230000,,,,,1300000,,,,,1370000,,,,,1450000,,,,,1520000,,,,,1600000,,,,,1650000,,,,,1700000,,,,,1740000,,,,,1770000,,,,,1800000,,,,,1820000
132000,,,,,168000,,,,,185000,,,,,238000,,,,,280000,,,,,287000,,,,,276000,,,,,319000,,,,,368000,,,,,401000,,,,,407000,,,,,394000,,,,,361000,,,,,360000,,,,,350000,,,,,340000,,,,,326000,,,,,313000,,,,,302000,,,,,292000,,,,,285000,,,,,278000,,,,,271000,,,,,263000,,,,,256000,,,,,250000,,,,,245000,,,,,240000,,,,,235000,,,,,230000,,,,,225000
363000,,,,,390000,,,,,484000,,,,,604000,,,,,759000,,,,,955000,,,,,1220000,,,,,1550000,,,,,1820000,,,,,2090000,,,,,2380000,,,,,2710000,,,,,2950000,,,,,3240000,,,,,3650000,,,,,4070000,,,,,4470000,,,,,4860000,,,,,5260000,,,,,5670000,,,,,6070000,,,,,6460000,,,,,6820000,,,,,7180000,,,,,7500000,,,,,7810000,,,,,8070000,,,,,8300000,,,,,8490000,,,,,8660000,,,,,8750000
298000,,,,,384000,,,,,397000,,,,,371000,,,,,344000,,,,,315000,,,,,328000,,,,,326000,,,,,324000,,,,,289000,,,,,241000,,,,,242000,,,,,207000,,,,,217000,,,,,203000,,,,,185000,,,,,172000,,,,,164000,,,,,159000,,,,,156000,,,,,154000,,,,,149000,,,,,141000,,,,,135000,,,,,131000,,,,,129000,,,,,127000,,,,,125000,,,,,121000,,,,,117000,,,,,114000
716000,,,,,752000,,,,,870000,,,,,865000,,,,,1210000,,,,,1210000,,,,,1120000,,,,,784000,,,,,777000,,,,,886000,,,,,803000,,,,,744000,,,,,649000,,,,,602000,,,,,622000,,,,,597000,,,,,576000,,,,,545000,,,,,515000,,,,,497000,,,,,489000,,,,,482000,,,,,468000,,,,,450000,,,,,432000,,,,,419000,,,,,409000,,,,,402000,,,,,393000,,,,,381000,,,,,369000
53000,,,,,64800,,,,,68000,,,,,65700,,,,,63900,,,,,59600,,,,,54100,,,,,55700,,,,,66300,,,,,69500,,,,,72800,,,,,69400,,,,,64100,,,,,65400,,,,,67600,,,,,66000,,,,,62100,,,,,60800,,,,,61000,,,,,61900,,,,,62200,,,,,61500,,,,,60600,,,,,60000,,,,,60200,,,,,60700,,,,,60900,,,,,60600,,,,,60000,,,,,59400,,,,,59100
724000,,,,,889000,,,,,856000,,,,,725000,,,,,681000,,,,,683000,,,,,845000,,,,,893000,,,,,690000,,,,,648000,,,,,594000,,,,,449000,,,,,480000,,,,,571000,,,,,555000,,,,,539000,,,,,509000,,,,,472000,,,,,455000,,,,,475000,,,,,499000,,,,,500000,,,,,485000,,,,,465000,,,,,451000,,,,,451000,,,,,460000,,,,,465000,,,,,460000,,,,,448000,,,,,435000
386000,,,,,419000,,,,,371000,,,,,368000,,,,,392000,,,,,389000,,,,,364000,,,,,313000,,,,,268000,,,,,297000,,,,,345000,,,,,341000,,,,,328000,,,,,333000,,,,,297000,,,,,311000,,,,,333000,,,,,346000,,,,,346000,,,,,339000,,,,,333000,,,,,335000,,,,,343000,,,,,352000,,,,,354000,,,,,351000,,,,,346000,,,,,344000,,,,,345000,,,,,348000,,,,,348000
9180,,,,,11000,,,,,10700,,,,,15600,,,,,23500,,,,,34100,,,,,52700,,,,,65700,,,,,82900,,,,,96200,,,,,96500,,,,,98800,,,,,99700,,,,,97000,,,,,99000,,,,,100000,,,,,100000,,,,,99000,,,,,96200,,,,,92800,,,,,89900,,,,,87800,,,,,86000,,,,,84100,,,,,81800,,,,,79400,,,,,77000,,,,,75100,,,,,73500,,,,,72000,,,,,70500
331000,,,,,405000,,,,,526000,,,,,637000,,,,,724000,,,,,784000,,,,,831000,,,,,872000,,,,,936000,,,,,978000,,,,,1020000,,,,,1010000,,,,,1050000,,,,,1060000,,,,,1060000,,,,,1030000,,,,,1000000,,,,,972000,,,,,939000,,,,,903000,,,,,864000,,,,,826000,,,,,789000,,,,,756000,,,,,725000,,,,,696000,,,,,668000,,,,,642000,,,,,618000,,,,,595000,,,,,574000
456000,,,,,507000,,,,,667000,,,,,768000,,,,,879000,,,,,1010000,,,,,1120000,,,,,1200000,,,,,1290000,,,,,1400000,,,,,1470000,,,,,1510000,,,,,1510000,,,,,1570000,,,,,1600000,,,,,1610000,,,,,1600000,,,,,1580000,,,,,1560000,,,,,1530000,,,,,1500000,,,,,1460000,,,,,1420000,,,,,1380000,,,,,1350000,,,,,1310000,,,,,1280000,,,,,1250000,,,,,1220000,,,,,1190000,,,,,1160000
2230000,,,,,3210000,,,,,3580000,,,,,4270000,,,,,4790000,,,,,5350000,,,,,5800000,,,,,6690000,,,,,7860000,,,,,8890000,,,,,8430000,,,,,8210000,,,,,8940000,,,,,9800000,,,,,12300000,,,,,12000000,,,,,11600000,,,,,11600000,,,,,12300000,,,,,13000000,,,,,13100000,,,,,13000000,,,,,12700000,,,,,12600000,,,,,12600000,,,,,12500000,,,,,12300000,,,,,12000000,,,,,11700000,,,,,11500000,,,,,11300000
305000,,,,,332000,,,,,407000,,,,,478000,,,,,555000,,,,,613000,,,,,670000,,,,,711000,,,,,700000,,,,,705000,,,,,743000,,,,,730000,,,,,634000,,,,,590000,,,,,568000,,,,,564000,,,,,541000,,,,,507000,,,,,470000,,,,,437000,,,,,412000,,,,,393000,,,,,374000,,,,,352000,,,,,329000,,,,,309000,,,,,292000,,,,,278000,,,,,265000,,,,,252000,,,,,239000
24700,,,,,25800,,,,,32300,,,,,34700,,,,,37900,,,,,34600,,,,,29600,,,,,45000,,,,,63100,,,,,69400,,,,,79400,,,,,97200,,,,,119000,,,,,145000,,,,,172000,,,,,196000,,,,,220000,,,,,239000,,,,,254000,,,,,267000,,,,,279000,,,,,289000,,,,,297000,,,,,303000,,,,,306000,,,,,307000,,,,,307000,,,,,306000,,,,,304000,,,,,301000,,,,,297000
165000,,,,,182000,,,,,185000,,,,,221000,,,,,258000,,,,,300000,,,,,343000,,,,,396000,,,,,465000,,,,,513000,,,,,497000,,,,,511000,,,,,608000,,,,,704000,,,,,737000,,,,,764000,,,,,795000,,,,,838000,,,,,891000,,,,,933000,,,,,956000,,,,,964000,,,,,969000,,,,,978000,,,,,987000,,,,,989000,,,,,978000,,,,,962000,,,,,945000,,,,,929000,,,,,915000
87200,,,,,94000,,,,,95100,,,,,98000,,,,,101000,,,,,98800,,,,,109000,,,,,110000,,,,,117000,,,,,109000,,,,,80000,,,,,60400,,,,,64800,,,,,77000,,,,,70900,,,,,69100,,,,,64200,,,,,57800,,,,,55200,,,,,56700,,,,,58000,,,,,56900,,,,,53900,,,,,50500,,,,,48300,,,,,47600,,,,,47800,,,,,47500,,,,,46100,,,,,44100,,,,,42400
2530000,,,,,2840000,,,,,3040000,,,,,3430000,,,,,4030000,,,,,4690000,,,,,5170000,,,,,6090000,,,,,7240000,,,,,8710000,,,,,10100000,,,,,12000000,,,,,13100000,,,,,13700000,,,,,14700000,,,,,15500000,,,,,16200000,,,,,16600000,,,,,16800000,,,,,16800000,,,,,16800000,,,,,16700000,,,,,16500000,,,,,16200000,,,,,15800000,,,,,15400000,,,,,15100000,,,,,14700000,,,,,14300000,,,,,13900000,,,,,13600000
44000,,,,,52100,,,,,61500,,,,,74000,,,,,76300,,,,,73600,,,,,78700,,,,,93200,,,,,95600,,,,,92500,,,,,96400,,,,,81600,,,,,81200,,,,,88000,,,,,86900,,,,,82700,,,,,79200,,,,,77100,,,,,75500,,,,,73100,,,,,70100,,,,,66800,,,,,63500,,,,,60400,,,,,57600,,,,,55200,,,,,52900,,,,,50500,,,,,48200,,,,,46000,,,,,44100
361000,,,,,495000,,,,,444000,,,,,407000,,,,,385000,,,,,351000,,,,,300000,,,,,325000,,,,,327000,,,,,316000,,,,,328000,,,,,297000,,,,,287000,,,,,307000,,,,,305000,,,,,311000,,,,,311000,,,,,307000,,,,,303000,,,,,305000,,,,,309000,,,,,312000,,,,,312000,,,,,311000,,,,,308000,,,,,307000,,,,,308000,,,,,308000,,,,,307000,,,,,304000,,,,,301000
2660000,,,,,4010000,,,,,3990000,,,,,4090000,,,,,4280000,,,,,4190000,,,,,4110000,,,,,3660000,,,,,3830000,,,,,3820000,,,,,3660000,,,,,3740000,,,,,3890000,,,,,3980000,,,,,3890000,,,,,3820000,,,,,3790000,,,,,3830000,,,,,3890000,,,,,3930000,,,,,3920000,,,,,3880000,,,,,3850000,,,,,3860000,,,,,3880000,,,,,3890000,,,,,3880000,,,,,3860000,,,,,3830000,,,,,3810000,,,,,3800000
43000,,,,,46600,,,,,49600,,,,,54500,,,,,64500,,,,,79200,,,,,93500,,,,,110000,,,,,131000,,,,,151000,,,,,167000,,,,,181000,,,,,197000,,,,,227000,,,,,264000,,,,,277000,,,,,279000,,,,,284000,,,,,294000,,,,,306000,,,,,316000,,,,,323000,,,,,325000,,,,,323000,,,,,321000,,,,,320000,,,,,320000,,,,,317000,,,,,312000,,,,,307000,,,,,301000
35100,,,,,36900,,,,,42500,,,,,50100,,,,,56300,,,,,73000,,,,,85000,,,,,110000,,,,,137000,,,,,160000,,,,,182000,,,,,219000,,,,,258000,,,,,298000,,,,,340000,,,,,375000,,,,,408000,,,,,439000,,,,,467000,,,,,489000,,,,,504000,,,,,513000,,,,,519000,,,,,523000,,,,,525000,,,,,525000,,,,,521000,,,,,515000,,,,,506000,,,,,499000,,,,,489000
266000,,,,,290000,,,,,393000,,,,,474000,,,,,503000,,,,,448000,,,,,415000,,,,,424000,,,,,455000,,,,,437000,,,,,366000,,,,,267000,,,,,230000,,,,,250000,,,,,273000,,,,,248000,,,,,221000,,,,,203000,,,,,197000,,,,,199000,,,,,199000,,,,,189000,,,,,175000,,,,,163000,,,,,157000,,,,,154000,,,,,152000,,,,,146000,,,,,138000,,,,,131000,,,,,126000
5140000,,,,,4560000,,,,,5290000,,,,,5780000,,,,,6420000,,,,,6170000,,,,,4400000,,,,,3920000,,,,,4260000,,,,,4630000,,,,,4170000,,,,,3970000,,,,,3620000,,,,,3510000,,,,,3600000,,,,,3730000,,,,,3790000,,,,,3690000,,,,,3520000,,,,,3410000,,,,,3390000,,,,,3440000,,,,,3500000,,,,,3500000,,,,,3440000,,,,,3360000,,,,,3300000,,,,,3280000,,,,,3290000,,,,,3280000,,,,,3250000
718000,,,,,853000,,,,,913000,,,,,1100000,,,,,1280000,,,,,1490000,,,,,1620000,,,,,1870000,,,,,2120000,,,,,2370000,,,,,2600000,,,,,2910000,,,,,3170000,,,,,3550000,,,,,3950000,,,,,4120000,,,,,4260000,,,,,4440000,,,,,4650000,,,,,4860000,,,,,5060000,,,,,5190000,,,,,5260000,,,,,5310000,,,,,5370000,,,,,5420000,,,,,5430000,,,,,5410000,,,,,5360000,,,,,5280000,,,,,5200000
688000,,,,,770000,,,,,721000,,,,,774000,,,,,739000,,,,,764000,,,,,741000,,,,,759000,,,,,693000,,,,,582000,,,,,562000,,,,,563000,,,,,553000,,,,,579000,,,,,505000,,,,,442000,,,,,406000,,,,,401000,,,,,408000,,,,,415000,,,,,409000,,,,,388000,,,,,366000,,,,,354000,,,,,353000,,,,,356000,,,,,357000,,,,,350000,,,,,339000,,,,,328000,,,,,322000
12100,,,,,13300,,,,,14400,,,,,17200,,,,,17400,,,,,12000,,,,,12000,,,,,11600,,,,,12900,,,,,14000,,,,,11600,,,,,10200,,,,,9030,,,,,9460,,,,,9740,,,,,9400,,,,,8450,,,,,7420,,,,,6830,,,,,6650,,,,,6480,,,,,6090,,,,,5510,,,,,4940,,,,,4540,,,,,4320,,,,,4140,,,,,3900,,,,,3590,,,,,3270,,,,,3020
419000,,,,,495000,,,,,651000,,,,,740000,,,,,831000,,,,,953000,,,,,1100000,,,,,1280000,,,,,1430000,,,,,1530000,,,,,1720000,,,,,1860000,,,,,1970000,,,,,1930000,,,,,1980000,,,,,2050000,,,,,2090000,,,,,2100000,,,,,2080000,,,,,2060000,,,,,2030000,,,,,1990000,,,,,1950000,,,,,1920000,,,,,1870000,,,,,1820000,,,,,1770000,,,,,1730000,,,,,1690000,,,,,1650000,,,,,1600000
369000,,,,,389000,,,,,481000,,,,,518000,,,,,556000,,,,,567000,,,,,599000,,,,,702000,,,,,856000,,,,,1130000,,,,,1280000,,,,,1400000,,,,,1550000,,,,,1710000,,,,,1890000,,,,,2080000,,,,,2270000,,,,,2450000,,,,,2620000,,,,,2780000,,,,,2920000,,,,,3040000,,,,,3140000,,,,,3230000,,,,,3300000,,,,,3350000,,,,,3390000,,,,,3410000,,,,,3410000,,,,,3400000,,,,,3370000
65500,,,,,70600,,,,,83900,,,,,84700,,,,,91000,,,,,101000,,,,,112000,,,,,131000,,,,,155000,,,,,170000,,,,,185000,,,,,196000,,,,,213000,,,,,244000,,,,,274000,,,,,294000,,,,,310000,,,,,325000,,,,,343000,,,,,363000,,,,,380000,,,,,394000,,,,,403000,,,,,410000,,,,,418000,,,,,424000,,,,,428000,,,,,429000,,,,,426000,,,,,422000,,,,,417000
49600,,,,,67000,,,,,89600,,,,,107000,,,,,113000,,,,,116000,,,,,113000,,,,,96400,,,,,90000,,,,,87100,,,,,97200,,,,,93300,,,,,81600,,,,,73400,,,,,74000,,,,,73800,,,,,71500,,,,,68000,,,,,64100,,,,,60400,,,,,57300,,,,,54200,,,,,51100,,,,,47900,,,,,44900,,,,,42100,,,,,39500,,,,,37200,,,,,35000,,,,,32900,,,,,31000
419000,,,,,426000,,,,,514000,,,,,581000,,,,,657000,,,,,700000,,,,,740000,,,,,869000,,,,,1060000,,,,,1110000,,,,,1140000,,,,,1180000,,,,,1190000,,,,,1210000,,,,,1210000,,,,,1200000,,,,,1180000,,,,,1160000,,,,,1130000,,,,,1090000,,,,,1060000,,,,,1020000,,,,,981000,,,,,940000,,,,,903000,,,,,868000,,,,,835000,,,,,802000,,,,,772000,,,,,743000,,,,,717000
202000,,,,,245000,,,,,311000,,,,,362000,,,,,419000,,,,,495000,,,,,570000,,,,,668000,,,,,760000,,,,,840000,,,,,932000,,,,,990000,,,,,1020000,,,,,989000,,,,,946000,,,,,960000,,,,,963000,,,,,948000,,,,,917000,,,,,883000,,,,,853000,,,,,826000,,,,,804000,,,,,781000,,,,,759000,,,,,734000,,,,,711000,,,,,691000,,,,,673000,,,,,657000,,,,,641000
769000,,,,,803000,,,,,928000,,,,,814000,,,,,633000,,,,,709000,,,,,780000,,,,,872000,,,,,636000,,,,,623000,,,,,596000,,,,,494000,,,,,483000,,,,,483000,,,,,447000,,,,,437000,,,,,425000,,,,,412000,,,,,394000,,,,,381000,,,,,373000,,,,,365000,,,,,357000,,,,,350000,,,,,341000,,,,,332000,,,,,325000,,,,,318000,,,,,312000,,,,,306000,,,,,300000
14200,,,,,17900,,,,,20400,,,,,22800,,,,,22900,,,,,21200,,,,,21000,,,,,20900,,,,,21200,,,,,21400,,,,,23000,,,,,21200,,,,,21400,,,,,23200,,,,,22600,,,,,22200,,,,,21900,,,,,21400,,,,,20900,,,,,20700,,,,,20700,,,,,20500,,,,,20100,,,,,19700,,,,,19300,,,,,19100,,,,,18900,,,,,18700,,,,,18400,,,,,18100,,,,,17800
44800000,,,,,49100000,,,,,61000000,,,,,67300000,,,,,74200000,,,,,81300000,,,,,89900000,,,,,99000000,,,,,111000000,,,,,118000000,,,,,121000000,,,,,125000000,,,,,128000000,,,,,127000000,,,,,120000000,,,,,120000000,,,,,119000000,,,,,117000000,,,,,113000000,,,,,108000000,,,,,104000000,,,,,101000000,,,,,98000000,,,,,94800000,,,,,91400000,,,,,88200000,,,,,85300000,,,,,82700000,,,,,80400000,,,,,78000000,,,,,75600000
8840000,,,,,9090000,,,,,11200000,,,,,14100000,,,,,16400000,,,,,18600000,,,,,20200000,,,,,21500000,,,,,22500000,,,,,22000000,,,,,21700000,,,,,22800000,,,,,23800000,,,,,23700000,,,,,24500000,,,,,23700000,,,,,23000000,,,,,22500000,,,,,22200000,,,,,21900000,,,,,21400000,,,,,20800000,,,,,20100000,,,,,19600000,,,,,19100000,,,,,18700000,,,,,18200000,,,,,17700000,,,,,17300000,,,,,16800000,,,,,16400000
1850000,,,,,2300000,,,,,3200000,,,,,3670000,,,,,4140000,,,,,4630000,,,,,5360000,,,,,6980000,,,,,8890000,,,,,9060000,,,,,7640000,,,,,5590000,,,,,5500000,,,,,6420000,,,,,6880000,,,,,6230000,,,,,5220000,,,,,4480000,,,,,4310000,,,,,4550000,,,,,4740000,,,,,4580000,,,,,4170000,,,,,3790000,,,,,3630000,,,,,3660000,,,,,3730000,,,,,3680000,,,,,3500000,,,,,3290000,,,,,3150000
711000,,,,,736000,,,,,1120000,,,,,1120000,,,,,1400000,,,,,1860000,,,,,2120000,,,,,2390000,,,,,2640000,,,,,2960000,,,,,3320000,,,,,3800000,,,,,4190000,,,,,4870000,,,,,5580000,,,,,6090000,,,,,6580000,,,,,7120000,,,,,7690000,,,,,8270000,,,,,8810000,,,,,9300000,,,,,9730000,,,,,10100000,,,,,10500000,,,,,10800000,,,,,11100000,,,,,11300000,,,,,11400000,,,,,11500000,,,,,11500000
271000,,,,,300000,,,,,293000,,,,,287000,,,,,313000,,,,,310000,,,,,362000,,,,,364000,,,,,342000,,,,,287000,,,,,256000,,,,,274000,,,,,317000,,,,,356000,,,,,354000,,,,,325000,,,,,299000,,,,,295000,,,,,312000,,,,,334000,,,,,345000,,,,,339000,,,,,326000,,,,,318000,,,,,321000,,,,,329000,,,,,336000,,,,,337000,,,,,331000,,,,,324000,,,,,321000
114000,,,,,206000,,,,,273000,,,,,289000,,,,,305000,,,,,347000,,,,,426000,,,,,458000,,,,,462000,,,,,510000,,,,,548000,,,,,619000,,,,,666000,,,,,745000,,,,,832000,,,,,824000,,,,,826000,,,,,844000,,,,,881000,,,,,923000,,,,,955000,,,,,965000,,,,,960000,,,,,951000,,,,,949000,,,,,956000,,,,,961000,,,,,960000,,,,,949000,,,,,932000,,,,,918000
3860000,,,,,4330000,,,,,4050000,,,,,4150000,,,,,4550000,,,,,4520000,,,,,4260000,,,,,3560000,,,,,3020000,,,,,2820000,,,,,2740000,,,,,2710000,,,,,2790000,,,,,2810000,,,,,2570000,,,,,2440000,,,,,2380000,,,,,2380000,,,,,2420000,,,,,2440000,,,,,2420000,,,,,2360000,,,,,2310000,,,,,2290000,,,,,2300000,,,,,2300000,,,,,2300000,,,,,2270000,,,,,2230000,,,,,2200000,,,,,2180000
167000,,,,,183000,,,,,221000,,,,,255000,,,,,302000,,,,,309000,,,,,290000,,,,,275000,,,,,287000,,,,,283000,,,,,288000,,,,,286000,,,,,248000,,,,,224000,,,,,204000,,,,,225000,,,,,207000,,,,,187000,,,,,167000,,,,,150000,,,,,139000,,,,,132000,,,,,123000,,,,,112000,,,,,99700,,,,,89200,,,,,81300,,,,,75500,,,,,70000,,,,,63700,,,,,57000
9450000,,,,,11000000,,,,,9430000,,,,,7930000,,,,,8240000,,,,,9010000,,,,,10100000,,,,,8600000,,,,,7630000,,,,,6770000,,,,,6130000,,,,,5950000,,,,,5670000,,,,,5560000,,,,,5400000,,,,,5150000,,,,,4920000,,,,,4770000,,,,,4690000,,,,,4630000,,,,,4560000,,,,,4460000,,,,,4340000,,,,,4230000,,,,,4160000,,,,,4100000,,,,,4050000,,,,,3990000,,,,,3910000,,,,,3830000,,,,,3750000
71200,,,,,97700,,,,,121000,,,,,160000,,,,,253000,,,,,315000,,,,,399000,,,,,448000,,,,,557000,,,,,604000,,,,,661000,,,,,724000,,,,,875000,,,,,1100000,,,,,1200000,,,,,1140000,,,,,1110000,,,,,1100000,,,,,1110000,,,,,1130000,,,,,1140000,,,,,1120000,,,,,1090000,,,,,1060000,,,,,1040000,,,,,1020000,,,,,1000000,,,,,980000,,,,,951000,,,,,924000,,,,,902000
572000,,,,,799000,,,,,1210000,,,,,1600000,,,,,1760000,,,,,1540000,,,,,1610000,,,,,1650000,,,,,1730000,,,,,1730000,,,,,1420000,,,,,1150000,,,,,1190000,,,,,1620000,,,,,1990000,,,,,1810000,,,,,1640000,,,,,1540000,,,,,1560000,,,,,1650000,,,,,1730000,,,,,1730000,,,,,1660000,,,,,1570000,,,,,1520000,,,,,1530000,,,,,1540000,,,,,1540000,,,,,1500000,,,,,1450000,,,,,1400000
707000,,,,,947000,,,,,1240000,,,,,1490000,,,,,1790000,,,,,2160000,,,,,2660000,,,,,3230000,,,,,3830000,,,,,4310000,,,,,4510000,,,,,5270000,,,,,5940000,,,,,6630000,,,,,6920000,,,,,7350000,,,,,7800000,,,,,8260000,,,,,8640000,,,,,8910000,,,,,9090000,,,,,9250000,,,,,9360000,,,,,9410000,,,,,9410000,,,,,9340000,,,,,9200000,,,,,9050000,,,,,8900000,,,,,8730000,,,,,8560000
4020,,,,,5050,,,,,6000,,,,,7170,,,,,7900,,,,,7590,,,,,7100,,,,,8310,,,,,9630,,,,,10900,,,,,11300,,,,,12500,,,,,10900,,,,,13700,,,,,14500,,,,,15100,,,,,15300,,,,,15200,,,,,15300,,,,,16000,,,,,17000,,,,,17500,,,,,17400,,,,,17100,,,,,16900,,,,,17000,,,,,17300,,,,,17500,,,,,17300,,,,,16800,,,,,16300
18100,,,,,19400,,,,,31100,,,,,57700,,,,,110000,,,,,151000,,,,,191000,,,,,210000,,,,,264000,,,,,170000,,,,,188000,,,,,205000,,,,,216000,,,,,280000,,,,,312000,,,,,326000,,,,,305000,,,,,297000,,,,,303000,,,,,313000,,,,,323000,,,,,327000,,,,,323000,,,,,318000,,,,,317000,,,,,321000,,,,,325000,,,,,326000,,,,,324000,,,,,320000,,,,,317000
132000,,,,,164000,,,,,264000,,,,,366000,,,,,434000,,,,,425000,,,,,437000,,,,,467000,,,,,545000,,,,,600000,,,,,585000,,,,,507000,,,,,495000,,,,,598000,,,,,743000,,,,,705000,,,,,652000,,,,,618000,,,,,626000,,,,,649000,,,,,659000,,,,,646000,,,,,617000,,,,,588000,,,,,571000,,,,,564000,,,,,557000,,,,,543000,,,,,524000,,,,,503000,,,,,486000
216000,,,,,252000,,,,,295000,,,,,327000,,,,,367000,,,,,420000,,,,,479000,,,,,534000,,,,,609000,,,,,720000,,,,,808000,,,,,771000,,,,,733000,,,,,758000,,,,,760000,,,,,753000,,,,,730000,,,,,702000,,,,,673000,,,,,644000,,,,,615000,,,,,585000,,,,,556000,,,,,530000,,,,,506000,,,,,485000,,,,,465000,,,,,446000,,,,,428000,,,,,411000,,,,,396000
163000,,,,,146000,,,,,156000,,,,,171000,,,,,177000,,,,,162000,,,,,178000,,,,,174000,,,,,194000,,,,,194000,,,,,142000,,,,,91900,,,,,97800,,,,,107000,,,,,99400,,,,,92800,,,,,85600,,,,,76700,,,,,72300,,,,,74600,,,,,77500,,,,,76200,,,,,71800,,,,,67000,,,,,63600,,,,,62800,,,,,63300,,,,,63200,,,,,61400,,,,,58600,,,,,56100
140000,,,,,175000,,,,,265000,,,,,305000,,,,,326000,,,,,339000,,,,,338000,,,,,329000,,,,,311000,,,,,313000,,,,,310000,,,,,375000,,,,,347000,,,,,439000,,,,,441000,,,,,362000,,,,,349000,,,,,332000,,,,,298000,,,,,260000,,,,,242000,,,,,244000,,,,,252000,,,,,253000,,,,,239000,,,,,220000,,,,,207000,,,,,204000,,,,,205000,,,,,205000,,,,,199000
95900,,,,,109000,,,,,118000,,,,,133000,,,,,149000,,,,,167000,,,,,191000,,,,,219000,,,,,240000,,,,,248000,,,,,257000,,,,,262000,,,,,248000,,,,,251000,,,,,276000,,,,,286000,,,,,286000,,,,,282000,,,,,282000,,,,,284000,,,,,284000,,,,,281000,,,,,276000,,,,,271000,,,,,264000,,,,,259000,,,,,253000,,,,,247000,,,,,241000,,,,,234000,,,,,229000
129000,,,,,127000,,,,,149000,,,,,172000,,,,,198000,,,,,231000,,,,,274000,,,,,323000,,,,,312000,,,,,299000,,,,,398000,,,,,466000,,,,,575000,,,,,637000,,,,,690000,,,,,753000,,,,,821000,,,,,890000,,,,,953000,,,,,1010000,,,,,1060000,,,,,1100000,,,,,1150000,,,,,1180000,,,,,1210000,,,,,1240000,,,,,1250000,,,,,1260000,,,,,1260000,,,,,1260000,,,,,1250000
141000,,,,,157000,,,,,197000,,,,,240000,,,,,314000,,,,,424000,,,,,524000,,,,,590000,,,,,618000,,,,,642000,,,,,601000,,,,,569000,,,,,570000,,,,,596000,,,,,627000,,,,,589000,,,,,549000,,,,,513000,,,,,494000,,,,,493000,,,,,495000,,,,,487000,,,,,467000,,,,,443000,,,,,426000,,,,,417000,,,,,413000,,,,,408000,,,,,398000,,,,,384000,,,,,372000
233000,,,,,214000,,,,,246000,,,,,282000,,,,,293000,,,,,270000,,,,,270000,,,,,262000,,,,,281000,,,,,278000,,,,,242000,,,,,178000,,,,,141000,,,,,139000,,,,,151000,,,,,150000,,,,,150000,,,,,139000,,,,,125000,,,,,119000,,,,,121000,,,,,124000,,,,,123000,,,,,118000,,,,,110000,,,,,105000,,,,,104000,,,,,105000,,,,,105000,,,,,102000,,,,,97500
20000,,,,,19000,,,,,22300,,,,,25000,,,,,26000,,,,,25000,,,,,21800,,,,,20500,,,,,21900,,,,,24900,,,,,28400,,,,,29000,,,,,29900,,,,,30100,,,,,32800,,,,,36300,,,,,37800,,,,,38900,,,,,40000,,,,,41000,,,,,42300,,,,,44000,,,,,45800,,,,,47000,,,,,47900,,,,,48400,,,,,48900,,,,,49500,,,,,50200,,,,,50700,,,,,51000
141000,,,,,166000,,,,,202000,,,,,194000,,,,,190000,,,,,198000,,,,,189000,,,,,179000,,,,,179000,,,,,168000,,,,,158000,,,,,135000,,,,,123000,,,,,112000,,,,,116000,,,,,115000,,,,,111000,,,,,104000,,,,,96700,,,,,92300,,,,,90900,,,,,90600,,,,,89000,,,,,85500,,,,,81300,,,,,78000,,,,,76200,,,,,75300,,,,,74100,,,,,72300,,,,,69800
485000,,,,,547000,,,,,723000,,,,,836000,,,,,962000,,,,,1120000,,,,,1310000,,,,,1520000,,,,,1720000,,,,,1970000,,,,,2340000,,,,,2760000,,,,,3070000,,,,,3360000,,,,,3650000,,,,,4070000,,,,,4470000,,,,,4830000,,,,,5130000,,,,,5410000,,,,,5700000,,,,,5980000,,,,,6230000,,,,,6430000,,,,,6590000,,,,,6730000,,,,,6820000,,,,,6900000,,,,,6930000,,,,,6920000,,,,,6900000
426000,,,,,492000,,,,,492000,,,,,568000,,,,,666000,,,,,788000,,,,,931000,,,,,1110000,,,,,1370000,,,,,1520000,,,,,1750000,,,,,2010000,,,,,2290000,,,,,2680000,,,,,2850000,,,,,3180000,,,,,3500000,,,,,3790000,,,,,4040000,,,,,4270000,,,,,4490000,,,,,4680000,,,,,4840000,,,,,4980000,,,,,5080000,,,,,5150000,,,,,5180000,,,,,5190000,,,,,5170000,,,,,5120000,,,,,5070000
752000,,,,,995000,,,,,1260000,,,,,1450000,,,,,1680000,,,,,1680000,,,,,1800000,,,,,1970000,,,,,2240000,,,,,2450000,,,,,2590000,,,,,2700000,,,,,2630000,,,,,2490000,,,,,2570000,,,,,2700000,,,,,2750000,,,,,2670000,,,,,2510000,,,,,2380000,,,,,2340000,,,,,2360000,,,,,2380000,,,,,2350000,,,,,2270000,,,,,2180000,,,,,2130000,,,,,2110000,,,,,2110000,,,,,2080000,,,,,2040000
10500,,,,,8880,,,,,10100,,,,,14100,,,,,17600,,,,,20500,,,,,23400,,,,,27200,,,,,36500,,,,,41800,,,,,39500,,,,,32300,,,,,29000,,,,,32200,,,,,37900,,,,,37200,,,,,33000,,,,,28400,,,,,26300,,,,,27000,,,,,28500,,,,,28500,,,,,26700,,,,,24500,,,,,23300,,,,,23200,,,,,23700,,,,,23600,,,,,22700,,,,,21600,,,,,20700
594000,,,,,603000,,,,,689000,,,,,725000,,,,,780000,,,,,873000,,,,,996000,,,,,1130000,,,,,1280000,,,,,1430000,,,,,1640000,,,,,1920000,,,,,2340000,,,,,2800000,,,,,3160000,,,,,3500000,,,,,3910000,,,,,4340000,,,,,4740000,,,,,5080000,,,,,5350000,,,,,5570000,,,,,5780000,,,,,5940000,,,,,6080000,,,,,6170000,,,,,6210000,,,,,6210000,,,,,6180000,,,,,6130000,,,,,6060000
30000,,,,,46400,,,,,42700,,,,,35700,,,,,31700,,,,,24500,,,,,26000,,,,,29000,,,,,28600,,,,,27800,,,,,26300,,,,,24800,,,,,20000,,,,,20100,,,,,21400,,,,,21700,,,,,21700,,,,,20700,,,,,19200,,,,,18300,,,,,18200,,,,,18600,,,,,18800,,,,,18500,,,,,17800,,,,,17200,,,,,16800,,,,,16800,,,,,16800,,,,,16700,,,,,16400
92200,,,,,103000,,,,,122000,,,,,148000,,,,,172000,,,,,198000,,,,,228000,,,,,261000,,,,,298000,,,,,340000,,,,,384000,,,,,434000,,,,,490000,,,,,556000,,,,,629000,,,,,685000,,,,,738000,,,,,790000,,,,,843000,,,,,897000,,,,,947000,,,,,992000,,,,,1030000,,,,,1070000,,,,,1100000,,,,,1130000,,,,,1150000,,,,,1170000,,,,,1180000,,,,,1190000,,,,,1190000
72700,,,,,84700,,,,,102000,,,,,117000,,,,,132000,,,,,118000,,,,,115000,,,,,107000,,,,,102000,,,,,97400,,,,,109000,,,,,98400,,,,,94800,,,,,80600,,,,,68800,,,,,66100,,,,,66200,,,,,66500,,,,,64400,,,,,60400,,,,,56100,,,,,53600,,,,,52900,,,,,52900,,,,,52000,,,,,50200,,,,,48000,,,,,46300,,,,,45500,,,,,45000,,,,,44400
3900000,,,,,4520000,,,,,5910000,,,,,6910000,,,,,7930000,,,,,9220000,,,,,11100000,,,,,11100000,,,,,11000000,,,,,11400000,,,,,11700000,,,,,11900000,,,,,11700000,,,,,11400000,,,,,11500000,,,,,11200000,,,,,10800000,,,,,10300000,,,,,9910000,,,,,9550000,,,,,9240000,,,,,8950000,,,,,8670000,,,,,8360000,,,,,8090000,,,,,7850000,,,,,7640000,,,,,7450000,,,,,7250000,,,,,7070000,,,,,6880000
4270,,,,,4770,,,,,7190,,,,,8080,,,,,9220,,,,,10200,,,,,11800,,,,,12600,,,,,14700,,,,,15500,,,,,14100,,,,,13900,,,,,12700,,,,,11600,,,,,11200,,,,,11800,,,,,12200,,,,,12200,,,,,11500,,,,,10500,,,,,9800,,,,,9590,,,,,9570,,,,,9340,,,,,8760,,,,,8000,,,,,7360,,,,,7000,,,,,6830,,,,,6650,,,,,6310
205000,,,,,211000,,,,,334000,,,,,407000,,,,,399000,,,,,339000,,,,,360000,,,,,376000,,,,,415000,,,,,418000,,,,,326000,,,,,240000,,,,,210000,,,,,216000,,,,,221000,,,,,197000,,,,,173000,,,,,156000,,,,,145000,,,,,141000,,,,,139000,,,,,135000,,,,,126000,,,,,117000,,,,,110000,,,,,107000,,,,,105000,,,,,103000,,,,,98400,,,,,93400,,,,,89200
81200,,,,,85800,,,,,115000,,,,,144000,,,,,195000,,,,,218000,,,,,248000,,,,,263000,,,,,291000,,,,,325000,,,,,278000,,,,,232000,,,,,220000,,,,,279000,,,,,357000,,,,,336000,,,,,308000,,,,,287000,,,,,281000,,,,,290000,,,,,305000,,,,,314000,,,,,305000,,,,,287000,,,,,274000,,,,,271000,,,,,275000,,,,,278000,,,,,276000,,,,,268000,,,,,258000
46500,,,,,48000,,,,,58100,,,,,63200,,,,,59300,,,,,54000,,,,,53200,,,,,51300,,,,,53700,,,,,48400,,,,,43600,,,,,40800,,,,,39400,,,,,39400,,,,,37000,,,,,34700,,,,,33000,,,,,31700,,,,,30500,,,,,29500,,,,,28500,,,,,27400,,,,,26300,,,,,25300,,,,,24500,,,,,23900,,,,,23200,,,,,22400,,,,,21700,,,,,21100,,,,,20500
1100000,,,,,1270000,,,,,1860000,,,,,2230000,,,,,2560000,,,,,2700000,,,,,2810000,,,,,3090000,,,,,3410000,,,,,3340000,,,,,3290000,,,,,3030000,,,,,3040000,,,,,3150000,,,,,3430000,,,,,3330000,,,,,3180000,,,,,3030000,,,,,2930000,,,,,2880000,,,,,2840000,,,,,2780000,,,,,2670000,,,,,2560000,,,,,2460000,,,,,2380000,,,,,2330000,,,,,2270000,,,,,2200000,,,,,2120000,,,,,2050000
812000,,,,,878000,,,,,1010000,,,,,1150000,,,,,1290000,,,,,1450000,,,,,1700000,,,,,1900000,,,,,2060000,,,,,2260000,,,,,2640000,,,,,3120000,,,,,3670000,,,,,4200000,,,,,4710000,,,,,5210000,,,,,5800000,,,,,6400000,,,,,6970000,,,,,7480000,,,,,7930000,,,,,8340000,,,,,8710000,,,,,9050000,,,,,9340000,,,,,9580000,,,,,9760000,,,,,9900000,,,,,9980000,,,,,10000000,,,,,10000000
1790000,,,,,2150000,,,,,2940000,,,,,3260000,,,,,3610000,,,,,4090000,,,,,4520000,,,,,4910000,,,,,5250000,,,,,5020000,,,,,4780000,,,,,4940000,,,,,5220000,,,,,4860000,,,,,4510000,,,,,4450000,,,,,4450000,,,,,4420000,,,,,4310000,,,,,4130000,,,,,3940000,,,,,3800000,,,,,3710000,,,,,3640000,,,,,3560000,,,,,3450000,,,,,3330000,,,,,3230000,,,,,3160000,,,,,3100000,,,,,3040000
60700,,,,,70000,,,,,82200,,,,,94400,,,,,109000,,,,,129000,,,,,158000,,,,,182000,,,,,201000,,,,,231000,,,,,262000,,,,,271000,,,,,274000,,,,,291000,,,,,333000,,,,,349000,,,,,360000,,,,,366000,,,,,372000,,,,,379000,,,,,387000,,,,,390000,,,,,388000,,,,,383000,,,,,377000,,,,,371000,,,,,366000,,,,,361000,,,,,353000,,,,,345000,,,,,338000
1070000,,,,,1090000,,,,,1370000,,,,,1460000,,,,,1570000,,,,,1760000,,,,,2000000,,,,,2300000,,,,,2630000,,,,,2950000,,,,,3280000,,,,,3510000,,,,,3410000,,,,,3150000,,,,,2790000,,,,,2770000,,,,,2720000,,,,,2590000,,,,,2380000,,,,,2200000,,,,,2080000,,,,,1990000,,,,,1900000,,,,,1790000,,,,,1690000,,,,,1600000,,,,,1520000,,,,,1460000,,,,,1400000,,,,,1340000,,,,,1280000
922000,,,,,1180000,,,,,1110000,,,,,1150000,,,,,1220000,,,,,1200000,,,,,1050000,,,,,889000,,,,,889000,,,,,954000,,,,,997000,,,,,988000,,,,,1000000,,,,,936000,,,,,894000,,,,,909000,,,,,926000,,,,,926000,,,,,911000,,,,,886000,,,,,864000,,,,,858000,,,,,864000,,,,,866000,,,,,857000,,,,,841000,,,,,825000,,,,,815000,,,,,811000,,,,,808000,,,,,800000
177000,,,,,232000,,,,,254000,,,,,293000,,,,,302000,,,,,304000,,,,,295000,,,,,256000,,,,,254000,,,,,286000,,,,,302000,,,,,292000,,,,,287000,,,,,316000,,,,,314000,,,,,317000,,,,,319000,,,,,318000,,,,,314000,,,,,312000,,,,,314000,,,,,314000,,,,,314000,,,,,312000,,,,,309000,,,,,307000,,,,,305000,,,,,304000,,,,,302000,,,,,299000,,,,,296000
185000,,,,,195000,,,,,286000,,,,,343000,,,,,371000,,,,,423000,,,,,505000,,,,,580000,,,,,647000,,,,,676000,,,,,671000,,,,,650000,,,,,623000,,,,,617000,,,,,595000,,,,,572000,,,,,545000,,,,,519000,,,,,495000,,,,,475000,,,,,456000,,,,,437000,,,,,419000,,,,,400000,,,,,385000,,,,,370000,,,,,357000,,,,,345000,,,,,333000,,,,,322000,,,,,312000
415000,,,,,441000,,,,,516000,,,,,601000,,,,,698000,,,,,796000,,,,,898000,,,,,1050000,,,,,1240000,,,,,1430000,,,,,1730000,,,,,2160000,,,,,2680000,,,,,3270000,,,,,3930000,,,,,4690000,,,,,5590000,,,,,6570000,,,,,7630000,,,,,8720000,,,,,9830000,,,,,10900000,,,,,12000000,,,,,12900000,,,,,13800000,,,,,14600000,,,,,15300000,,,,,15800000,,,,,16300000,,,,,16700000,,,,,17000000
5080000,,,,,5500000,,,,,5940000,,,,,6760000,,,,,7700000,,,,,8750000,,,,,10400000,,,,,12300000,,,,,14100000,,,,,15500000,,,,,17200000,,,,,19700000,,,,,23000000,,,,,26400000,,,,,29900000,,,,,32800000,,,,,35800000,,,,,39100000,,,,,42400000,,,,,45600000,,,,,48500000,,,,,51000000,,,,,53200000,,,,,55100000,,,,,57000000,,,,,58600000,,,,,59700000,,,,,60500000,,,,,60900000,,,,,61100000,,,,,61100000
1550000,,,,,1410000,,,,,990000,,,,,1880000,,,,,1720000,,,,,2380000,,,,,2350000,,,,,1670000,,,,,1890000,,,,,1930000,,,,,2040000,,,,,1970000,,,,,1890000,,,,,1730000,,,,,1700000,,,,,1730000,,,,,1730000,,,,,1680000,,,,,1590000,,,,,1510000,,,,,1460000,,,,,1450000,,,,,1440000,,,,,1410000,,,,,1350000,,,,,1300000,,,,,1260000,,,,,1250000,,,,,1230000,,,,,1210000,,,,,1170000
261000,,,,,318000,,,,,303000,,,,,308000,,,,,311000,,,,,331000,,,,,312000,,,,,264000,,,,,258000,,,,,285000,,,,,309000,,,,,307000,,,,,298000,,,,,318000,,,,,313000,,,,,331000,,,,,344000,,,,,352000,,,,,357000,,,,,361000,,,,,368000,,,,,376000,,,,,385000,,,,,391000,,,,,395000,,,,,397000,,,,,399000,,,,,402000,,,,,405000,,,,,407000,,,,,407000
61800,,,,,67500,,,,,75700,,,,,91100,,,,,109000,,,,,130000,,,,,161000,,,,,225000,,,,,279000,,,,,296000,,,,,287000,,,,,267000,,,,,241000,,,,,302000,,,,,385000,,,,,398000,,,,,377000,,,,,341000,,,,,320000,,,,,322000,,,,,335000,,,,,340000,,,,,332000,,,,,315000,,,,,301000,,,,,296000,,,,,298000,,,,,301000,,,,,297000,,,,,289000,,,,,279000
5040000,,,,,5170000,,,,,5390000,,,,,6720000,,,,,8110000,,,,,9480000,,,,,10900000,,,,,12800000,,,,,15200000,,,,,17900000,,,,,19000000,,,,,19700000,,,,,19700000,,,,,22100000,,,,,24300000,,,,,24900000,,,,,24800000,,,,,24600000,,,,,24800000,,,,,25300000,,,,,25600000,,,,,25200000,,,,,24500000,,,,,23800000,,,,,23300000,,,,,22900000,,,,,22400000,,,,,21800000,,,,,21100000,,,,,20400000,,,,,19800000
137000,,,,,150000,,,,,156000,,,,,177000,,,,,186000,,,,,221000,,,,,245000,,,,,285000,,,,,329000,,,,,416000,,,,,532000,,,,,551000,,,,,560000,,,,,619000,,,,,692000,,,,,757000,,,,,801000,,,,,832000,,,,,860000,,,,,891000,,,,,923000,,,,,948000,,,,,963000,,,,,967000,,,,,967000,,,,,964000,,,,,961000,,,,,953000,,,,,941000,,,,,927000,,,,,909000
119000,,,,,137000,,,,,163000,,,,,193000,,,,,223000,,,,,250000,,,,,273000,,,,,285000,,,,,294000,,,,,308000,,,,,319000,,,,,341000,,,,,352000,,,,,368000,,,,,385000,,,,,386000,,,,,388000,,,,,389000,,,,,388000,,,,,385000,,,,,382000,,,,,376000,,,,,370000,,,,,363000,,,,,358000,,,,,352000,,,,,345000,,,,,339000,,,,,333000,,,,,327000,,,,,321000
211000,,,,,235000,,,,,284000,,,,,318000,,,,,360000,,,,,410000,,,,,475000,,,,,546000,,,,,607000,,,,,650000,,,,,723000,,,,,832000,,,,,908000,,,,,971000,,,,,1010000,,,,,1070000,,,,,1120000,,,,,1170000,,,,,1210000,,,,,1250000,,,,,1270000,,,,,1290000,,,,,1310000,,,,,1320000,,,,,1320000,,,,,1320000,,,,,1310000,,,,,1300000,,,,,1280000,,,,,1260000,,,,,1240000
229000,,,,,263000,,,,,311000,,,,,343000,,,,,382000,,,,,420000,,,,,434000,,,,,501000,,,,,588000,,,,,647000,,,,,678000,,,,,700000,,,,,663000,,,,,670000,,,,,669000,,,,,682000,,,,,679000,,,,,662000,,,,,641000,,,,,622000,,,,,606000,,,,,591000,,,,,574000,,,,,554000,,,,,534000,,,,,516000,,,,,498000,,,,,480000,,,,,463000,,,,,448000,,,,,435000
1020000,,,,,1180000,,,,,1430000,,,,,1680000,,,,,1960000,,,,,2210000,,,,,2400000,,,,,2670000,,,,,2760000,,,,,2940000,,,,,3000000,,,,,2890000,,,,,2870000,,,,,2900000,,,,,2990000,,,,,2940000,,,,,2870000,,,,,2780000,,,,,2700000,,,,,2640000,,,,,2580000,,,,,2500000,,,,,2420000,,,,,2330000,,,,,2260000,,,,,2200000,,,,,2140000,,,,,2080000,,,,,2020000,,,,,1970000,,,,,1910000
2640000,,,,,3140000,,,,,4270000,,,,,4850000,,,,,5470000,,,,,6080000,,,,,6730000,,,,,7560000,,,,,8400000,,,,,9350000,,,,,9970000,,,,,10700000,,,,,10500000,,,,,10900000,,,,,11400000,,,,,11700000,,,,,11900000,,,,,12100000,,,,,12100000,,,,,12100000,,,,,12000000,,,,,11900000,,,,,11800000,,,,,11500000,,,,,11300000,,,,,11000000,,,,,10800000,,,,,10500000,,,,,10200000,,,,,9970000,,,,,9710000
2020000,,,,,2910000,,,,,3480000,,,,,3560000,,,,,2790000,,,,,2530000,,,,,2810000,,,,,3240000,,,,,3370000,,,,,2930000,,,,,2560000,,,,,2040000,,,,,1790000,,,,,2000000,,,,,1900000,,,,,1710000,,,,,1540000,,,,,1420000,,,,,1340000,,,,,1330000,,,,,1330000,,,,,1290000,,,,,1210000,,,,,1140000,,,,,1090000,,,,,1070000,,,,,1060000,,,,,1040000,,,,,1010000,,,,,962000,,,,,927000
790000,,,,,858000,,,,,854000,,,,,849000,,,,,860000,,,,,827000,,,,,860000,,,,,802000,,,,,675000,,,,,570000,,,,,537000,,,,,532000,,,,,533000,,,,,493000,,,,,442000,,,,,388000,,,,,362000,,,,,363000,,,,,367000,,,,,365000,,,,,352000,,,,,333000,,,,,317000,,,,,311000,,,,,312000,,,,,313000,,,,,309000,,,,,301000,,,,,292000,,,,,285000,,,,,281000
3380,,,,,4530,,,,,6420,,,,,9030,,,,,12700,,,,,17300,,,,,23500,,,,,34300,,,,,48700,,,,,48000,,,,,51100,,,,,61700,,,,,78900,,,,,117000,,,,,134000,,,,,142000,,,,,144000,,,,,144000,,,,,140000,,,,,139000,,,,,143000,,,,,148000,,,,,151000,,,,,152000,,,,,151000,,,,,151000,,,,,152000,,,,,154000,,,,,156000,,,,,156000,,,,,156000
1300000,,,,,1610000,,,,,1910000,,,,,1850000,,,,,1460000,,,,,2010000,,,,,2000000,,,,,2030000,,,,,1770000,,,,,1750000,,,,,1240000,,,,,1110000,,,,,1050000,,,,,1050000,,,,,963000,,,,,921000,,,,,879000,,,,,839000,,,,,812000,,,,,797000,,,,,776000,,,,,747000,,,,,719000,,,,,694000,,,,,674000,,,,,659000,,,,,644000,,,,,626000,,,,,607000,,,,,589000,,,,,574000
6930000,,,,,10600000,,,,,12600000,,,,,13200000,,,,,11600000,,,,,9300000,,,,,9960000,,,,,10600000,,,,,11600000,,,,,11800000,,,,,8180000,,,,,6520000,,,,,6920000,,,,,7940000,,,,,9360000,,,,,8890000,,,,,8120000,,,,,7230000,,,,,6900000,,,,,7290000,,,,,7840000,,,,,7980000,,,,,7660000,,,,,7190000,,,,,6920000,,,,,6970000,,,,,7180000,,,,,7290000,,,,,7180000,,,,,6940000,,,,,6720000
278000,,,,,373000,,,,,451000,,,,,528000,,,,,572000,,,,,646000,,,,,782000,,,,,985000,,,,,1200000,,,,,917000,,,,,1080000,,,,,1240000,,,,,1410000,,,,,1610000,,,,,1710000,,,,,1760000,,,,,1790000,,,,,1850000,,,,,1940000,,,,,1990000,,,,,1990000,,,,,1950000,,,,,1900000,,,,,1860000,,,,,1820000,,,,,1780000,,,,,1730000,,,,,1660000,,,,,1600000,,,,,1550000,,,,,1510000
12700,,,,,14100,,,,,18600,,,,,21700,,,,,25100,,,,,25700,,,,,24000,,,,,22700,,,,,21500,,,,,22800,,,,,24500,,,,,23700,,,,,23400,,,,,25300,,,,,23800,,,,,22200,,,,,22000,,,,,22500,,,,,23500,,,,,23700,,,,,22900,,,,,21600,,,,,20500,,,,,20100,,,,,20100,,,,,19800,,,,,19000,,,,,17800,,,,,16600,,,,,15900,,,,,15400
6260,,,,,6110,,,,,6690,,,,,8410,,,,,10800,,,,,12700,,,,,13700,,,,,18000,,,,,17200,,,,,19300,,,,,20000,,,,,22500,,,,,26300,,,,,28400,,,,,30300,,,,,31700,,,,,33500,,,,,35700,,,,,37700,,,,,39200,,,,,40500,,,,,41600,,,,,42500,,,,,43200,,,,,43900,,,,,44500,,,,,44900,,,,,44900,,,,,44900,,,,,44500,,,,,44200
417000,,,,,492000,,,,,564000,,,,,681000,,,,,838000,,,,,1060000,,,,,1380000,,,,,1790000,,,,,2350000,,,,,2650000,,,,,2750000,,,,,2650000,,,,,2680000,,,,,2760000,,,,,2810000,,,,,3040000,,,,,2930000,,,,,2700000,,,,,2540000,,,,,2490000,,,,,2520000,,,,,2560000,,,,,2530000,,,,,2420000,,,,,2300000,,,,,2230000,,,,,2210000,,,,,2210000,,,,,2190000,,,,,2140000,,,,,2070000
327000,,,,,364000,,,,,456000,,,,,522000,,,,,597000,,,,,697000,,,,,840000,,,,,997000,,,,,1180000,,,,,1320000,,,,,1460000,,,,,1600000,,,,,1820000,,,,,2150000,,,,,2470000,,,,,2650000,,,,,2840000,,,,,3040000,,,,,3280000,,,,,3530000,,,,,3750000,,,,,3940000,,,,,4090000,,,,,4230000,,,,,4370000,,,,,4500000,,,,,4610000,,,,,4680000,,,,,4730000,,,,,4740000,,,,,4740000
525000,,,,,735000,,,,,818000,,,,,693000,,,,,668000,,,,,685000,,,,,736000,,,,,776000,,,,,758000,,,,,744000,,,,,651000,,,,,565000,,,,,527000,,,,,483000,,,,,465000,,,,,454000,,,,,438000,,,,,418000,,,,,398000,,,,,380000,,,,,365000,,,,,353000,,,,,343000,,,,,331000,,,,,318000,,,,,305000,,,,,294000,,,,,285000,,,,,277000,,,,,269000,,,,,260000
3600,,,,,3810,,,,,5740,,,,,6350,,,,,7640,,,,,8080,,,,,8410,,,,,8090,,,,,8650,,,,,8020,,,,,7840,,,,,6940,,,,,6590,,,,,6780,,,,,7730,,,,,7170,,,,,6320,,,,,5900,,,,,5860,,,,,5950,,,,,5910,,,,,5640,,,,,5240,,,,,4930,,,,,4790,,,,,4730,,,,,4640,,,,,4470,,,,,4260,,,,,4070,,,,,3940
254000,,,,,269000,,,,,279000,,,,,302000,,,,,342000,,,,,397000,,,,,473000,,,,,547000,,,,,632000,,,,,619000,,,,,655000,,,,,823000,,,,,940000,,,,,1040000,,,,,1090000,,,,,1140000,,,,,1190000,,,,,1230000,,,,,1250000,,,,,1270000,,,,,1270000,,,,,1270000,,,,,1260000,,,,,1240000,,,,,1220000,,,,,1200000,,,,,1170000,,,,,1150000,,,,,1120000,,,,,1090000,,,,,1060000
132000,,,,,168000,,,,,234000,,,,,297000,,,,,279000,,,,,235000,,,,,223000,,,,,205000,,,,,212000,,,,,247000,,,,,302000,,,,,296000,,,,,290000,,,,,281000,,,,,282000,,,,,273000,,,,,267000,,,,,265000,,,,,257000,,,,,248000,,,,,239000,,,,,234000,,,,,230000,,,,,226000,,,,,222000,,,,,216000,,,,,209000,,,,,204000,,,,,198000,,,,,193000,,,,,188000
319000,,,,,381000,,,,,464000,,,,,450000,,,,,412000,,,,,385000,,,,,441000,,,,,482000,,,,,448000,,,,,413000,,,,,363000,,,,,286000,,,,,261000,,,,,283000,,,,,285000,,,,,280000,,,,,267000,,,,,246000,,,,,229000,,,,,224000,,,,,228000,,,,,229000,,,,,224000,,,,,214000,,,,,204000,,,,,198000,,,,,196000,,,,,196000,,,,,194000,,,,,189000,,,,,182000
127000,,,,,148000,,,,,151000,,,,,137000,,,,,136000,,,,,135000,,,,,143000,,,,,152000,,,,,141000,,,,,123000,,,,,101000,,,,,90800,,,,,89900,,,,,105000,,,,,109000,,,,,104000,,,,,95900,,,,,88700,,,,,86500,,,,,89600,,,,,93600,,,,,93900,,,,,90300,,,,,85800,,,,,83200,,,,,83400,,,,,84800,,,,,85500,,,,,84100,,,,,81600,,,,,79200
13400,,,,,14100,,,,,16400,,,,,19600,,,,,22100,,,,,29000,,,,,37300,,,,,43400,,,,,46100,,,,,51200,,,,,57500,,,,,64000,,,,,71500,,,,,78700,,,,,81800,,,,,82800,,,,,85300,,,,,89200,,,,,93000,,,,,95700,,,,,96900,,,,,97000,,,,,97100,,,,,97100,,,,,97200,,,,,96600,,,,,95400,,,,,93500,,,,,91500,,,,,89400,,,,,87700
287000,,,,,332000,,,,,376000,,,,,422000,,,,,477000,,,,,546000,,,,,910000,,,,,947000,,,,,1030000,,,,,1120000,,,,,1370000,,,,,1670000,,,,,1860000,,,,,2140000,,,,,2420000,,,,,2800000,,,,,3150000,,,,,3510000,,,,,3860000,,,,,4200000,,,,,4540000,,,,,4890000,,,,,5200000,,,,,5480000,,,,,5720000,,,,,5940000,,,,,6140000,,,,,6300000,,,,,6430000,,,,,6510000,,,,,6540000
1700000,,,,,1910000,,,,,2440000,,,,,2770000,,,,,3130000,,,,,3540000,,,,,4070000,,,,,4550000,,,,,4990000,,,,,5140000,,,,,5080000,,,,,5110000,,,,,5190000,,,,,5380000,,,,,5640000,,,,,5630000,,,,,5530000,,,,,5410000,,,,,5320000,,,,,5270000,,,,,5200000,,,,,5100000,,,,,4970000,,,,,4840000,,,,,4730000,,,,,4630000,,,,,4540000,,,,,4440000,,,,,4340000,,,,,4230000,,,,,4140000
2680000,,,,,2860000,,,,,3460000,,,,,4460000,,,,,4570000,,,,,4450000,,,,,4470000,,,,,3960000,,,,,3830000,,,,,3110000,,,,,3490000,,,,,3170000,,,,,2520000,,,,,2290000,,,,,2240000,,,,,2270000,,,,,2300000,,,,,2320000,,,,,2220000,,,,,2020000,,,,,1910000,,,,,1900000,,,,,1940000,,,,,1980000,,,,,1970000,,,,,1900000,,,,,1790000,,,,,1730000,,,,,1730000,,,,,1750000,,,,,1760000
361000,,,,,382000,,,,,366000,,,,,434000,,,,,508000,,,,,591000,,,,,674000,,,,,779000,,,,,810000,,,,,795000,,,,,985000,,,,,1190000,,,,,1430000,,,,,1660000,,,,,1840000,,,,,2030000,,,,,2200000,,,,,2350000,,,,,2480000,,,,,2600000,,,,,2720000,,,,,2820000,,,,,2910000,,,,,2980000,,,,,3030000,,,,,3060000,,,,,3080000,,,,,3090000,,,,,3080000,,,,,3050000,,,,,3020000
2440000,,,,,2620000,,,,,2680000,,,,,3050000,,,,,3250000,,,,,3260000,,,,,3320000,,,,,3190000,,,,,2550000,,,,,2120000,,,,,1970000,,,,,1990000,,,,,2290000,,,,,2460000,,,,,2180000,,,,,1990000,,,,,1840000,,,,,1780000,,,,,1810000,,,,,1880000,,,,,1900000,,,,,1860000,,,,,1770000,,,,,1710000,,,,,1690000,,,,,1700000,,,,,1710000,,,,,1700000,,,,,1670000,,,,,1620000,,,,,1590000
982000,,,,,1200000,,,,,1340000,,,,,1580000,,,,,1670000,,,,,1760000,,,,,1750000,,,,,1870000,,,,,1920000,,,,,1760000,,,,,1650000,,,,,1620000,,,,,1730000,,,,,1750000,,,,,1610000,,,,,1500000,,,,,1390000,,,,,1330000,,,,,1310000,,,,,1270000,,,,,1200000,,,,,1100000,,,,,1020000,,,,,967000,,,,,933000,,,,,904000,,,,,860000,,,,,805000,,,,,752000,,,,,713000,,,,,688000
10700,,,,,11900,,,,,12900,,,,,15300,,,,,18500,,,,,18000,,,,,17700,,,,,17800,,,,,17100,,,,,17500,,,,,17300,,,,,15600,,,,,13100,,,,,10900,,,,,10700,,,,,10400,,,,,9870,,,,,9320,,,,,8650,,,,,8010,,,,,7590,,,,,7350,,,,,7160,,,,,6910,,,,,6600,,,,,6300,,,,,6060,,,,,5890,,,,,5750,,,,,5610,,,,,5440
10800,,,,,12400,,,,,13500,,,,,14600,,,,,15400,,,,,15200,,,,,15000,,,,,13800,,,,,13900,,,,,12400,,,,,11500,,,,,10500,,,,,9370,,,,,9090,,,,,8400,,,,,7910,,,,,7380,,,,,6910,,,,,6540,,,,,6250,,,,,5960,,,,,5650,,,,,5340,,,,,5020,,,,,4760,,,,,4520,,,,,4300,,,,,4080,,,,,3850,,,,,3650,,,,,3460
800000,,,,,934000,,,,,1100000,,,,,1290000,,,,,1540000,,,,,1850000,,,,,2240000,,,,,2650000,,,,,3020000,,,,,3440000,,,,,3950000,,,,,4450000,,,,,4940000,,,,,5340000,,,,,5740000,,,,,6180000,,,,,6680000,,,,,7210000,,,,,7700000,,,,,8100000,,,,,8430000,,,,,8740000,,,,,9050000,,,,,9360000,,,,,9640000,,,,,9850000,,,,,9980000,,,,,10100000,,,,,10100000,,,,,10200000,,,,,10200000
26000,,,,,34800,,,,,45100,,,,,54300,,,,,62400,,,,,61400,,,,,48700,,,,,39700,,,,,46800,,,,,51200,,,,,51400,,,,,52000,,,,,50300,,,,,49400,,,,,49900,,,,,49000,,,,,47800,,,,,46400,,,,,44700,,,,,43000,,,,,41600,,,,,40200,,,,,38900,,,,,37500,,,,,36100,,,,,34800,,,,,33600,,,,,32500,,,,,31400,,,,,30500,,,,,29500
36900,,,,,44600,,,,,51100,,,,,58600,,,,,67800,,,,,80500,,,,,96600,,,,,112000,,,,,137000,,,,,157000,,,,,159000,,,,,153000,,,,,154000,,,,,166000,,,,,176000,,,,,183000,,,,,183000,,,,,181000,,,,,180000,,,,,181000,,,,,180000,,,,,177000,,,,,172000,,,,,167000,,,,,163000,,,,,159000,,,,,155000,,,,,151000,,,,,147000,,,,,143000,,,,,139000
572000,,,,,618000,,,,,537000,,,,,526000,,,,,564000,,,,,581000,,,,,557000,,,,,488000,,,,,486000,,,,,570000,,,,,597000,,,,,475000,,,,,508000,,,,,582000,,,,,593000,,,,,624000,,,,,636000,,,,,621000,,,,,609000,,,,,623000,,,,,649000,,,,,669000,,,,,679000,,,,,678000,,,,,674000,,,,,676000,,,,,686000,,,,,696000,,,,,702000,,,,,702000,,,,,698000
369000,,,,,425000,,,,,411000,,,,,451000,,,,,501000,,,,,502000,,,,,415000,,,,,362000,,,,,380000,,,,,411000,,,,,428000,,,,,403000,,,,,379000,,,,,405000,,,,,434000,,,,,461000,,,,,462000,,,,,453000,,,,,445000,,,,,446000,,,,,457000,,,,,474000,,,,,485000,,,,,487000,,,,,483000,,,,,479000,,,,,479000,,,,,483000,,,,,487000,,,,,487000,,,,,482000
415000,,,,,510000,,,,,732000,,,,,854000,,,,,999000,,,,,1180000,,,,,1450000,,,,,1740000,,,,,1990000,,,,,2130000,,,,,2170000,,,,,2440000,,,,,2530000,,,,,2470000,,,,,2180000,,,,,2300000,,,,,2490000,,,,,2530000,,,,,2580000,,,,,2580000,,,,,2490000,,,,,2380000,,,,,2290000,,,,,2240000,,,,,2200000,,,,,2160000,,,,,2090000,,,,,2020000,,,,,1950000,,,,,1900000,,,,,1860000
149000,,,,,167000,,,,,281000,,,,,376000,,,,,458000,,,,,495000,,,,,548000,,,,,618000,,,,,762000,,,,,894000,,,,,885000,,,,,881000,,,,,846000,,,,,995000,,,,,1160000,,,,,1200000,,,,,1180000,,,,,1160000,,,,,1190000,,,,,1260000,,,,,1310000,,,,,1300000,,,,,1260000,,,,,1230000,,,,,1220000,,,,,1230000,,,,,1210000,,,,,1180000,,,,,1140000,,,,,1100000,,,,,1080000
1120000,,,,,1300000,,,,,1460000,,,,,1730000,,,,,2030000,,,,,2400000,,,,,2830000,,,,,3310000,,,,,3830000,,,,,4470000,,,,,5080000,,,,,5770000,,,,,6910000,,,,,8080000,,,,,9290000,,,,,10300000,,,,,11500000,,,,,12700000,,,,,14000000,,,,,15300000,,,,,16500000,,,,,17600000,,,,,18600000,,,,,19700000,,,,,20600000,,,,,21500000,,,,,22200000,,,,,22800000,,,,,23300000,,,,,23800000,,,,,24100000
2730000,,,,,3200000,,,,,3800000,,,,,4590000,,,,,5400000,,,,,6210000,,,,,6360000,,,,,6080000,,,,,5690000,,,,,5320000,,,,,5100000,,,,,4650000,,,,,4230000,,,,,4120000,,,,,3840000,,,,,3410000,,,,,3200000,,,,,3140000,,,,,3080000,,,,,2960000,,,,,2830000,,,,,2700000,,,,,2600000,,,,,2530000,,,,,2490000,,,,,2440000,,,,,2380000,,,,,2300000,,,,,2240000,,,,,2190000,,,,,2150000
55200,,,,,63300,,,,,65900,,,,,72900,,,,,82600,,,,,91500,,,,,83900,,,,,72000,,,,,99900,,,,,116000,,,,,147000,,,,,181000,,,,,161000,,,,,183000,,,,,201000,,,,,212000,,,,,229000,,,,,245000,,,,,256000,,,,,263000,,,,,268000,,,,,271000,,,,,275000,,,,,277000,,,,,277000,,,,,274000,,,,,269000,,,,,264000,,,,,259000,,,,,253000,,,,,248000
184000,,,,,199000,,,,,217000,,,,,239000,,,,,304000,,,,,355000,,,,,410000,,,,,497000,,,,,577000,,,,,649000,,,,,700000,,,,,784000,,,,,919000,,,,,1050000,,,,,1130000,,,,,1210000,,,,,1290000,,,,,1390000,,,,,1490000,,,,,1570000,,,,,1640000,,,,,1700000,,,,,1750000,,,,,1800000,,,,,1850000,,,,,1880000,,,,,1890000,,,,,1900000,,,,,1900000,,,,,1890000,,,,,1880000
7450,,,,,7890,,,,,8790,,,,,11200,,,,,14200,,,,,13900,,,,,11800,,,,,12000,,,,,13100,,,,,12000,,,,,13100,,,,,12700,,,,,13100,,,,,13300,,,,,12700,,,,,12100,,,,,12300,,,,,12900,,,,,13400,,,,,13400,,,,,12900,,,,,12200,,,,,11800,,,,,11900,,,,,12000,,,,,11800,,,,,11300,,,,,10600,,,,,10100,,,,,9850,,,,,9690
84800,,,,,104000,,,,,122000,,,,,134000,,,,,143000,,,,,118000,,,,,119000,,,,,129000,,,,,150000,,,,,131000,,,,,105000,,,,,88400,,,,,90500,,,,,96400,,,,,95400,,,,,86300,,,,,77600,,,,,72600,,,,,71500,,,,,71800,,,,,70600,,,,,67100,,,,,62900,,,,,59800,,,,,58300,,,,,57600,,,,,56700,,,,,54800,,,,,52500,,,,,50500,,,,,49200
481000,,,,,537000,,,,,592000,,,,,682000,,,,,786000,,,,,817000,,,,,868000,,,,,962000,,,,,1040000,,,,,1070000,,,,,951000,,,,,831000,,,,,793000,,,,,857000,,,,,1020000,,,,,995000,,,,,921000,,,,,838000,,,,,792000,,,,,801000,,,,,831000,,,,,837000,,,,,807000,,,,,759000,,,,,724000,,,,,713000,,,,,715000,,,,,713000,,,,,699000,,,,,673000,,,,,650000
2680000,,,,,3040000,,,,,3880000,,,,,4320000,,,,,4760000,,,,,5230000,,,,,5810000,,,,,6280000,,,,,6550000,,,,,6430000,,,,,6350000,,,,,6580000,,,,,6490000,,,,,6620000,,,,,6820000,,,,,6340000,,,,,6110000,,,,,5860000,,,,,5690000,,,,,5520000,,,,,5360000,,,,,5190000,,,,,5000000,,,,,4810000,,,,,4660000,,,,,4530000,,,,,4420000,,,,,4290000,,,,,4170000,,,,,4050000,,,,,3930000
110000,,,,,137000,,,,,213000,,,,,282000,,,,,340000,,,,,360000,,,,,390000,,,,,435000,,,,,483000,,,,,576000,,,,,581000,,,,,478000,,,,,494000,,,,,527000,,,,,672000,,,,,655000,,,,,611000,,,,,574000,,,,,574000,,,,,600000,,,,,616000,,,,,604000,,,,,572000,,,,,545000,,,,,533000,,,,,532000,,,,,530000,,,,,519000,,,,,500000,,,,,481000,,,,,468000
722000,,,,,837000,,,,,1010000,,,,,1200000,,,,,1420000,,,,,1660000,,,,,1920000,,,,,2250000,,,,,2710000,,,,,3250000,,,,,3910000,,,,,4640000,,,,,5520000,,,,,6420000,,,,,7300000,,,,,8240000,,,,,9220000,,,,,10200000,,,,,11100000,,,,,11900000,,,,,12700000,,,,,13400000,,,,,14000000,,,,,14600000,,,,,15000000,,,,,15300000,,,,,15600000,,,,,15700000,,,,,15800000,,,,,15700000,,,,,15600000
2870000,,,,,2970000,,,,,4260000,,,,,4030000,,,,,3920000,,,,,3430000,,,,,3630000,,,,,3710000,,,,,3760000,,,,,3500000,,,,,2740000,,,,,2150000,,,,,1960000,,,,,2370000,,,,,2400000,,,,,2280000,,,,,2090000,,,,,1890000,,,,,1790000,,,,,1820000,,,,,1870000,,,,,1860000,,,,,1770000,,,,,1660000,,,,,1580000,,,,,1560000,,,,,1570000,,,,,1570000,,,,,1520000,,,,,1460000,,,,,1410000
9400,,,,,11000,,,,,13400,,,,,17900,,,,,25000,,,,,51200,,,,,97800,,,,,153000,,,,,195000,,,,,230000,,,,,287000,,,,,272000,,,,,349000,,,,,438000,,,,,478000,,,,,443000,,,,,435000,,,,,460000,,,,,497000,,,,,522000,,,,,530000,,,,,532000,,,,,543000,,,,,560000,,,,,579000,,,,,592000,,,,,601000,,,,,606000,,,,,613000,,,,,621000,,,,,629000
3640000,,,,,4290000,,,,,3760000,,,,,4080000,,,,,4720000,,,,,4590000,,,,,3860000,,,,,3370000,,,,,3620000,,,,,3840000,,,,,3810000,,,,,3560000,,,,,3510000,,,,,3930000,,,,,4060000,,,,,4090000,,,,,4040000,,,,,3930000,,,,,3890000,,,,,3980000,,,,,4100000,,,,,4150000,,,,,4130000,,,,,4080000,,,,,4050000,,,,,4060000,,,,,4100000,,,,,4110000,,,,,4100000,,,,,4050000,,,,,4010000
13800000,,,,,17200000,,,,,19300000,,,,,20900000,,,,,20300000,,,,,17800000,,,,,16900000,,,,,16900000,,,,,18000000,,,,,19600000,,,,,20900000,,,,,19800000,,,,,20600000,,,,,20900000,,,,,20000000,,,,,20900000,,,,,21700000,,,,,22100000,,,,,22200000,,,,,22200000,,,,,22300000,,,,,22600000,,,,,23100000,,,,,23400000,,,,,23600000,,,,,23600000,,,,,23600000,,,,,23700000,,,,,23800000,,,,,24000000,,,,,24000000
204000,,,,,219000,,,,,231000,,,,,253000,,,,,267000,,,,,250000,,,,,267000,,,,,281000,,,,,260000,,,,,268000,,,,,279000,,,,,264000,,,,,252000,,,,,245000,,,,,239000,,,,,235000,,,,,231000,,,,,225000,,,,,217000,,,,,209000,,,,,203000,,,,,197000,,,,,192000,,,,,186000,,,,,181000,,,,,175000,,,,,170000,,,,,166000,,,,,162000,,,,,158000,,,,,154000
551000,,,,,694000,,,,,1170000,,,,,1520000,,,,,1900000,,,,,1930000,,,,,2130000,,,,,2370000,,,,,2750000,,,,,3170000,,,,,3250000,,,,,2830000,,,,,2560000,,,,,2940000,,,,,3180000,,,,,3140000,,,,,2900000,,,,,2700000,,,,,2650000,,,,,2670000,,,,,2660000,,,,,2560000,,,,,2420000,,,,,2310000,,,,,2250000,,,,,2210000,,,,,2170000,,,,,2110000,,,,,2030000,,,,,1960000,,,,,1910000
7120,,,,,8200,,,,,9500,,,,,11200,,,,,12900,,,,,14800,,,,,17000,,,,,19400,,,,,21800,,,,,23800,,,,,25500,,,,,28000,,,,,28700,,,,,33500,,,,,34200,,,,,36000,,,,,37300,,,,,38600,,,,,40000,,,,,41200,,,,,42100,,,,,42700,,,,,43000,,,,,43100,,,,,43100,,,,,43000,,,,,42600,,,,,42000,,,,,41400,,,,,40800,,,,,40100
806000,,,,,996000,,,,,1200000,,,,,1490000,,,,,1860000,,,,,1990000,,,,,2030000,,,,,2270000,,,,,2500000,,,,,2750000,,,,,2790000,,,,,2810000,,,,,2880000,,,,,2940000,,,,,2970000,,,,,2940000,,,,,2890000,,,,,2840000,,,,,2770000,,,,,2700000,,,,,2640000,,,,,2560000,,,,,2490000,,,,,2420000,,,,,2360000,,,,,2290000,,,,,2240000,,,,,2180000,,,,,2120000,,,,,2070000,,,,,2020000
2450000,,,,,2920000,,,,,4410000,,,,,5650000,,,,,6390000,,,,,6860000,,,,,7470000,,,,,7860000,,,,,8510000,,,,,9100000,,,,,9120000,,,,,7140000,,,,,6660000,,,,,7230000,,,,,7710000,,,,,7610000,,,,,7460000,,,,,6860000,,,,,6390000,,,,,6340000,,,,,6490000,,,,,6560000,,,,,6440000,,,,,6180000,,,,,5920000,,,,,5790000,,,,,5790000,,,,,5800000,,,,,5730000,,,,,5580000,,,,,5410000
587000,,,,,677000,,,,,683000,,,,,755000,,,,,875000,,,,,1070000,,,,,1260000,,,,,1630000,,,,,2040000,,,,,2560000,,,,,3000000,,,,,3080000,,,,,3300000,,,,,3630000,,,,,3970000,,,,,4130000,,,,,4200000,,,,,4220000,,,,,4220000,,,,,4200000,,,,,4130000,,,,,4030000,,,,,3880000,,,,,3710000,,,,,3550000,,,,,3400000,,,,,3270000,,,,,3150000,,,,,3040000,,,,,2940000,,,,,2840000
331000,,,,,379000,,,,,437000,,,,,529000,,,,,643000,,,,,761000,,,,,920000,,,,,1080000,,,,,1230000,,,,,1390000,,,,,1580000,,,,,1860000,,,,,2170000,,,,,2410000,,,,,2700000,,,,,3050000,,,,,3430000,,,,,3810000,,,,,4170000,,,,,4540000,,,,,4920000,,,,,5300000,,,,,5690000,,,,,6040000,,,,,6380000,,,,,6700000,,,,,7010000,,,,,7300000,,,,,7550000,,,,,7760000,,,,,7940000
390000,,,,,408000,,,,,574000,,,,,682000,,,,,817000,,,,,961000,,,,,1150000,,,,,1390000,,,,,1600000,,,,,1690000,,,,,1730000,,,,,1760000,,,,,1890000,,,,,2170000,,,,,2460000,,,,,2490000,,,,,2510000,,,,,2580000,,,,,2680000,,,,,2760000,,,,,2800000,,,,,2790000,,,,,2750000,,,,,2710000,,,,,2670000,,,,,2640000,,,,,2590000,,,,,2530000,,,,,2470000,,,,,2410000,,,,,2360000
